Front,Back,Extra,Tags
"A team needs a central Azure resource for jobs, assets, compute, and access control used by its machine learning project. What should it create?<br><br>A) An Azure Machine Learning workspace<br>B) A Microsoft Foundry project resource<br>C) An Azure AI Search service","A) An Azure Machine Learning workspace<br><br>A Machine Learning workspace is the top-level resource for coordinating Azure Machine Learning jobs, assets, compute, and security.<br><br>Reference: <a href=""https://learn.microsoft.com/en-us/azure/machine-learning/concept-workspace"">Azure Machine Learning workspace</a>","A workspace governs the ML lifecycle. A Foundry project organizes generative AI development, while AI Search indexes and retrieves content rather than managing ML training operations.","AI-300 MLOpsInfrastructure Workspaces"
"Training jobs must access an existing ADLS Gen2 location without copying its files into the workspace. Which workspace object should reference it?<br><br>A) A versioned data asset<br>B) An Azure Machine Learning datastore<br>C) An Azure Machine Learning environment","B) An Azure Machine Learning datastore<br><br>A datastore securely stores connection information that lets jobs access an external storage service.<br><br>Reference: <a href=""https://learn.microsoft.com/en-us/azure/machine-learning/how-to-datastore"">Create and manage datastores</a>","A datastore represents the storage connection; a data asset identifies particular data within storage. An environment defines runtime dependencies and cannot provide storage connectivity.","AI-300 MLOpsInfrastructure Datastores"
"A nightly training workload needs multiple CPU nodes only while jobs run and must scale to zero afterward. Which compute target is best?<br><br>A) A permanently running compute instance<br>B) An attached Azure Kubernetes cluster<br>C) A managed compute cluster with minimum nodes set to zero","C) A managed compute cluster with minimum nodes set to zero<br><br>A managed compute cluster can autoscale across nodes and deallocate all nodes when idle.<br><br>Reference: <a href=""https://learn.microsoft.com/en-us/azure/machine-learning/how-to-create-attach-compute-cluster"">Create a compute cluster</a>","Compute instances suit interactive development and remain single-node. Attached Kubernetes is appropriate when the organization needs cluster control, but adds operational overhead for an elastic training requirement.","AI-300 MLOpsInfrastructure ComputeTargets"
"A data scientist needs an individually managed cloud workstation for notebooks, terminals, and interactive debugging. Which target should be provisioned?<br><br>A) An Azure Machine Learning compute instance<br>B) An Azure Machine Learning compute cluster<br>C) An Azure Machine Learning batch endpoint","A) An Azure Machine Learning compute instance<br><br>A compute instance is a managed development environment intended for interactive work by an individual user.<br><br>Reference: <a href=""https://learn.microsoft.com/en-us/azure/machine-learning/concept-compute-instance"">Compute instance</a>","A compute cluster is optimized for scalable job execution, while a batch endpoint performs asynchronous inference. Use instances for authoring and clusters for repeatable production runs.","AI-300 MLOpsInfrastructure ComputeTargets"
"A pipeline must read blobs without storing account keys in code. Security requires revocable Azure authorization and least privilege. What should be configured?<br><br>A) A shared access signature embedded in the component YAML<br>B) The workspace managed identity with an appropriate data-plane role<br>C) The storage account key saved as a GitHub repository secret","B) The workspace managed identity with an appropriate data-plane role<br><br>Managed identity plus Azure RBAC enables credential-free access and narrowly scoped authorization.<br><br>Reference: <a href=""https://learn.microsoft.com/en-us/azure/machine-learning/how-to-identity-based-service-authentication"">Authentication with managed identities</a>","SAS tokens and account keys are secrets that require rotation and can be overprivileged. Managed identity removes secret distribution while RBAC controls the exact storage scope and actions.","AI-300 MLOpsInfrastructure IdentityAccess"
"A curated training folder must be referenced by a stable name, versioned when its definition changes, and mounted by jobs. Which asset type fits?<br><br>A) A uri_folder data asset<br>B) A custom Docker environment<br>C) A registered MLflow model","A) A uri_folder data asset<br><br>A uri_folder data asset creates a versioned reference to a folder that jobs can download or mount.<br><br>Reference: <a href=""https://learn.microsoft.com/en-us/azure/machine-learning/how-to-create-data-assets"">Create data assets</a>","Data assets describe inputs and preserve lineage without necessarily duplicating data. Environments package dependencies; models package inference artifacts rather than source training folders.","AI-300 MLOpsInfrastructure DataAssets"
"Training must use the same Python and CUDA dependencies in development and CI runs. Which reusable asset should the team version?<br><br>A) A compute instance schedule<br>B) An Azure Machine Learning environment<br>C) A workspace diagnostic setting","B) An Azure Machine Learning environment<br><br>An environment versions the Docker image and Python dependencies used to execute jobs consistently.<br><br>Reference: <a href=""https://learn.microsoft.com/en-us/azure/machine-learning/how-to-manage-environments-v2"">Manage environments</a>","Compute schedules control availability and diagnostic settings route logs. Environments address runtime reproducibility and should be pinned to explicit versions in production jobs.","AI-300 MLOpsInfrastructure Environments"
"A preprocessing step will be reused in several pipelines and must declare inputs, outputs, code, and runtime independently. What should be created?<br><br>A) A reusable command component<br>B) A standalone online deployment<br>C) A storage lifecycle policy","A) A reusable command component<br><br>A component packages executable logic with its interface and environment for reuse in pipelines.<br><br>Reference: <a href=""https://learn.microsoft.com/en-us/azure/machine-learning/concept-component"">Azure Machine Learning components</a>","Components are modular pipeline building blocks that support versioning and lineage. Online deployments serve requests, and lifecycle policies manage stored objects rather than ML workflow logic.","AI-300 MLOpsInfrastructure Components"
"Two workspaces in different subscriptions must consume the same approved models, components, and environments. Which service should hold these assets?<br><br>A) A shared Azure Machine Learning registry<br>B) A shared Log Analytics workspace<br>C) A shared Azure Container Registry repository only","A) A shared Azure Machine Learning registry<br><br>A registry shares versioned Machine Learning assets across workspaces and organizational boundaries.<br><br>Reference: <a href=""https://learn.microsoft.com/en-us/azure/machine-learning/how-to-manage-registries"">Manage Azure Machine Learning registries</a>","A container registry shares images but not complete ML asset metadata, lineage, models, and components. Log Analytics centralizes telemetry rather than reusable ML assets.","AI-300 MLOpsInfrastructure Registries"
"A GitHub Actions workflow must submit Azure ML jobs without a long-lived client secret. Which authentication pattern should be used?<br><br>A) A storage account access key in GitHub secrets<br>B) OpenID Connect federation with an Azure identity<br>C) A workspace user token committed to the repository","B) OpenID Connect federation with an Azure identity<br><br>GitHub OIDC federation exchanges a short-lived token for Azure access and avoids stored client credentials.<br><br>Reference: <a href=""https://learn.microsoft.com/en-us/azure/developer/github/connect-from-azure-openid-connect"">Connect GitHub Actions to Azure with OpenID Connect</a>","OIDC reduces secret rotation and leakage risk. Storage keys do not authenticate Azure Resource Manager operations, and user tokens are unsuitable for unattended automation.","AI-300 MLOpsInfrastructure GitHubIntegration"
"Development and production workspaces must be recreated consistently through pull requests. Which approach provides declarative and repeatable resource deployment?<br><br>A) Manual creation in Azure portal with screenshots<br>B) An Azure CLI script containing interactive prompts<br>C) Version-controlled Bicep modules with parameter files","C) Version-controlled Bicep modules with parameter files<br><br>Bicep provides declarative Azure infrastructure definitions that can be reviewed, parameterized, and repeatedly deployed.<br><br>Reference: <a href=""https://learn.microsoft.com/en-us/azure/azure-resource-manager/bicep/overview"">Bicep overview</a>","Portal steps are difficult to audit and reproduce. CLI can be automated, but interactive imperative scripts provide weaker desired-state semantics than parameterized Bicep modules.","AI-300 MLOpsInfrastructure InfrastructureAsCode"
"Infrastructure changes must be validated on pull requests and deployed only after merge to the main branch. What should orchestrate this policy?<br><br>A) A recurring Azure Machine Learning pipeline schedule<br>B) Separate GitHub Actions workflows triggered by pull_request and push<br>C) A notebook that an administrator runs after each merge","B) Separate GitHub Actions workflows triggered by pull_request and push<br><br>GitHub Actions event triggers can validate proposed IaC on pull requests and deploy approved changes after a push to the protected branch.<br><br>Reference: <a href=""https://learn.microsoft.com/en-us/azure/machine-learning/how-to-github-actions-machine-learning"">Use GitHub Actions with Azure Machine Learning</a>","ML pipeline schedules orchestrate model workflows, not repository governance. Manual notebooks weaken auditability; protected branches plus event-driven workflows separate validation from deployment.","AI-300 MLOpsInfrastructure Automation"
"An Azure ML workspace must be reachable only from approved virtual networks while public access is disabled. Which configuration meets the requirement?<br><br>A) A private endpoint with private DNS integration<br>B) A public endpoint protected only by resource locks<br>C) A service health alert scoped to the workspace","A) A private endpoint with private DNS integration<br><br>Private Link exposes the workspace through a private IP, while private DNS resolves workspace endpoints inside the virtual network.<br><br>Reference: <a href=""https://learn.microsoft.com/en-us/azure/machine-learning/how-to-configure-private-link"">Configure a private endpoint</a>","Resource locks prevent deletion or modification but do not filter network traffic. Health alerts report platform issues and provide no network isolation.","AI-300 MLOpsInfrastructure NetworkSecurity"
"A team needs reviewable history for training code, component YAML, and environment definitions while large datasets remain in cloud storage. What should be placed in Git?<br><br>A) Source and declarative definitions, excluding data and generated artifacts<br>B) Every training dataset and model binary in normal Git objects<br>C) Only notebook outputs, excluding scripts and configuration files","A) Source and declarative definitions, excluding data and generated artifacts<br><br>Git should track code and configuration; durable data and large model artifacts belong in managed data and model stores.<br><br>Reference: <a href=""https://learn.microsoft.com/en-us/azure/machine-learning/concept-train-model-git-integration"">Git integration for Azure Machine Learning</a>","Committing large data bloats repository history and risks data exposure. Notebook outputs are generated state; the reproducible inputs—code and definitions—are the important reviewable assets.","AI-300 MLOpsInfrastructure SourceControl"
"A datastore accesses ADLS Gen2 through the identity of each interactive user, so storage permissions must differ by user. Which datastore authentication mode is appropriate?<br><br>A) Account-key authentication shared by every user<br>B) Identity-based authentication with user credentials<br>C) Anonymous public-container authentication","B) Identity-based authentication with user credentials<br><br>Identity-based access can pass through the signed-in user's identity so storage RBAC determines individual authorization.<br><br>Reference: <a href=""https://learn.microsoft.com/en-us/azure/machine-learning/how-to-administrate-data-authentication"">Data authentication administration</a>","A shared key erases per-user accountability and grants common privileges. Anonymous access cannot enforce identity-specific permissions and is inappropriate for protected training data.","AI-300 MLOpsInfrastructure Datastores"
"A CPU cluster is idle most weekends but receives unpredictable weekday jobs. How should it minimize cost without delaying cluster recreation?<br><br>A) Delete and redeploy the cluster after every job<br>B) Keep one node running continuously for readiness<br>C) Set minimum nodes to zero and configure an idle timeout","C) Set minimum nodes to zero and configure an idle timeout<br><br>Autoscaling to zero releases compute cost after the configured idle period while preserving the cluster definition.<br><br>Reference: <a href=""https://learn.microsoft.com/en-us/azure/machine-learning/how-to-create-attach-compute-cluster"">Configure compute cluster autoscaling</a>","Deleting infrastructure adds provisioning overhead and operational churn. A permanent node reduces startup latency but violates the cost-minimization requirement during long idle periods.","AI-300 MLOpsInfrastructure ComputeTargets"
"A production job unexpectedly changes behavior after a curated environment receives a new version. Which practice best preserves reproducibility?<br><br>A) Reference the environment by name and explicit version<br>B) Resolve the newest environment version at each run<br>C) Rebuild dependencies from unpinned package names","A) Reference the environment by name and explicit version<br><br>Pinning the environment asset version gives each job a stable and auditable runtime definition.<br><br>Reference: <a href=""https://learn.microsoft.com/en-us/azure/machine-learning/how-to-manage-environments-v2"">Manage environment versions</a>","Using latest introduces silent runtime changes. Unpinned package resolution is even less deterministic because upstream packages can change without an Azure ML asset update.","AI-300 MLOpsInfrastructure Environments"
"A pipeline step is unchanged, but teams repeatedly copy its YAML and code into new projects. Which action best improves governance and reuse?<br><br>A) Convert the step into a versioned component<br>B) Convert the step into an online endpoint<br>C) Convert the step into a datastore credential","A) Convert the step into a versioned component<br><br>A versioned component exposes a stable contract and can be reused without duplicating implementation details.<br><br>Reference: <a href=""https://learn.microsoft.com/en-us/azure/machine-learning/concept-component"">Machine Learning component concepts</a>","Endpoints host inference and datastores provide storage connections. Neither supplies the composable interface, lineage, and runtime encapsulation needed for pipeline reuse.","AI-300 MLOpsInfrastructure Components"
"A central platform team publishes an approved model, and regional workspaces must consume that exact version without separate copies owned by each team. What should they reference?<br><br>A) A model asset in a Machine Learning registry<br>B) A model file attached to a GitHub release<br>C) A model output inside one workspace job","A) A model asset in a Machine Learning registry<br><br>Registry assets are centrally versioned and can be referenced from jobs or deployments in multiple workspaces.<br><br>Reference: <a href=""https://learn.microsoft.com/en-us/azure/machine-learning/how-to-manage-models"">Manage models in registries</a>","GitHub releases lack Azure ML deployment metadata and governance. A job output is scoped operational state until it is registered and is not a governed cross-workspace contract.","AI-300 MLOpsInfrastructure Registries"
"A training script logs parameters, metrics, and artifacts, and analysts need a standard experiment UI without custom tracking infrastructure. What should be integrated?<br><br>A) MLflow tracking in Azure Machine Learning<br>B) Azure Policy compliance scan results<br>C) Azure Storage lifecycle management","A) MLflow tracking in Azure Machine Learning<br><br>Azure ML integrates with MLflow to record runs, parameters, metrics, and artifacts in workspace experiments.<br><br>Reference: <a href=""https://learn.microsoft.com/en-us/azure/machine-learning/concept-mlflow"">MLflow and Azure Machine Learning</a>","Policy evaluates resource compliance, and storage lifecycle rules move or delete blobs. Neither provides experiment semantics or comparison of model-training runs.","AI-300 MLLifecycle MLflow"
"A supported scikit-learn training script needs automatic capture of common parameters, metrics, and model artifacts with minimal logging code. Which MLflow capability should be enabled?<br><br>A) Model serving with a batch endpoint<br>B) MLflow autologging for the framework<br>C) Data drift monitoring on the input asset","B) MLflow autologging for the framework<br><br>MLflow autologging automatically records framework-specific training information and artifacts.<br><br>Reference: <a href=""https://learn.microsoft.com/en-us/azure/machine-learning/how-to-log-view-metrics"">Log and view metrics with MLflow</a>","Serving and drift monitoring happen after or outside training. Autologging reduces instrumentation effort, though explicit logging remains useful for custom business metrics.","AI-300 MLLifecycle MLflow"
"A team wants Azure to test preprocessing and algorithm combinations for a labeled tabular classification dataset under a time budget. Which capability is appropriate?<br><br>A) Automated machine learning classification<br>B) A manual sweep over one script parameter<br>C) A responsible AI dashboard for one model","A) Automated machine learning classification<br><br>Automated ML explores supported algorithms and featurization choices while honoring experiment constraints.<br><br>Reference: <a href=""https://learn.microsoft.com/en-us/azure/machine-learning/concept-automated-ml"">Automated machine learning</a>","A sweep tunes parameters defined by the author but does not broadly select algorithms and preprocessing. A responsible AI dashboard analyzes an existing model rather than searching candidates.","AI-300 MLLifecycle AutomatedML"
"A data scientist is exploring distributions and debugging feature code interactively before converting the work into a repeatable job. Which tool is most suitable now?<br><br>A) A managed online endpoint deployment<br>B) A notebook on a compute instance<br>C) A scheduled batch endpoint invocation","B) A notebook on a compute instance<br><br>Notebooks provide interactive code execution and visualization for exploration on managed development compute.<br><br>Reference: <a href=""https://learn.microsoft.com/en-us/azure/machine-learning/how-to-run-jupyter-notebooks"">Run Jupyter notebooks</a>","Endpoints are production inference interfaces and do not provide an exploratory authoring loop. Once exploration stabilizes, move logic into scripts and components for reproducibility.","AI-300 MLLifecycle Notebooks"
"A training job must evaluate learning rate and batch size combinations in parallel and select the run with the best validation score. What should be submitted?<br><br>A) A hyperparameter sweep job<br>B) A model monitor definition<br>C) A managed feature store materialization job","A) A hyperparameter sweep job<br><br>A sweep job samples a defined parameter space and optimizes child runs against a primary metric.<br><br>Reference: <a href=""https://learn.microsoft.com/en-us/azure/machine-learning/how-to-tune-hyperparameters"">Tune hyperparameters</a>","Model monitoring evaluates production behavior, while feature materialization computes feature values. Neither launches comparative training trials against an optimization metric.","AI-300 MLLifecycle HyperparameterTuning"
"Many weak hyperparameter trials consume the full budget even after their metric is clearly worse than leading runs. Which change reduces wasted compute?<br><br>A) Increase the maximum nodes of the cluster<br>B) Configure an early termination policy<br>C) Disable the primary optimization metric","B) Configure an early termination policy<br><br>An early termination policy stops poorly performing child runs according to intermediate metric results.<br><br>Reference: <a href=""https://learn.microsoft.com/en-us/azure/machine-learning/how-to-tune-hyperparameters"">Early termination of sweep runs</a>","More nodes increase concurrency but not efficiency per trial. The primary metric is required to compare runs; early termination conserves budget without eliminating optimization guidance.","AI-300 MLLifecycle HyperparameterTuning"
"Production training must execute a Python script noninteractively with declared inputs, outputs, environment, and compute. Which Azure ML job type is the direct fit?<br><br>A) A command job<br>B) An interactive notebook session<br>C) An online inference request","A) A command job<br><br>A command job runs a specified command on managed compute with explicit data and environment dependencies.<br><br>Reference: <a href=""https://learn.microsoft.com/en-us/azure/machine-learning/how-to-train-model"">Train models with jobs</a>","Notebooks are suited to exploration and can hide state. Online requests invoke deployed inference; they do not provide repeatable training execution and output lineage.","AI-300 MLLifecycle TrainingJobs"
"A deep learning job no longer fits efficiently on one GPU and must coordinate training across several GPU nodes. What should the job configure?<br><br>A) A parallel distribution strategy such as PyTorch or MPI<br>B) A larger batch endpoint retry count<br>C) A semantic ranker configuration for the dataset","A) A parallel distribution strategy such as PyTorch or MPI<br><br>Azure ML distribution settings launch and coordinate processes across GPUs and nodes for supported frameworks.<br><br>Reference: <a href=""https://learn.microsoft.com/en-us/azure/machine-learning/concept-distributed-training"">Distributed training</a>","Endpoint retries concern inference reliability, and semantic ranking concerns search relevance. Distributed training also requires code and framework behavior compatible with multi-process execution.","AI-300 MLLifecycle DistributedTraining"
"Data preparation, training, and evaluation must execute as a dependency graph with reusable steps and recorded lineage. What should the team build?<br><br>A) A sequence of portal operations documented in a wiki<br>B) An Azure Machine Learning pipeline job<br>C) A single long-running online deployment","B) An Azure Machine Learning pipeline job<br><br>A pipeline composes components into a directed workflow with dependencies, inputs, outputs, and lineage.<br><br>Reference: <a href=""https://learn.microsoft.com/en-us/azure/machine-learning/concept-ml-pipelines"">Machine Learning pipelines</a>","Manual portal actions are not repeatable, and online deployments serve predictions rather than orchestrating training stages. Components keep pipeline steps independently reusable.","AI-300 MLLifecycle TrainingPipelines"
"A pipeline reruns daily, but an expensive preprocessing component should reuse prior output whenever its code, environment, and inputs are unchanged. Which feature helps?<br><br>A) Component output reuse in the pipeline<br>B) Online endpoint traffic mirroring<br>C) Workspace soft-delete protection","A) Component output reuse in the pipeline<br><br>Azure ML can reuse a prior component result when the step definition and relevant inputs remain unchanged.<br><br>Reference: <a href=""https://learn.microsoft.com/en-us/azure/machine-learning/how-to-debug-pipeline-reuse-issues"">Pipeline reuse</a>","Traffic mirroring validates deployments, and soft delete protects resources. Neither avoids repeated deterministic pipeline computation; disable reuse only for genuinely nondeterministic steps.","AI-300 MLLifecycle TrainingPipelines"
"Twenty training runs used different parameters. The team needs to sort them by validation AUC and inspect metrics side by side. Which mechanism should it use?<br><br>A) Experiment run comparison using logged MLflow metrics<br>B) Storage account metrics grouped by container<br>C) Endpoint access logs grouped by status code","A) Experiment run comparison using logged MLflow metrics<br><br>Logged runs can be queried and compared by metrics and parameters to identify candidate models.<br><br>Reference: <a href=""https://learn.microsoft.com/en-us/azure/machine-learning/how-to-track-experiments-mlflow"">Track experiments with MLflow</a>","Storage and endpoint telemetry describe infrastructure and serving behavior, not validation quality across training candidates. Consistent metric names are essential for reliable comparisons.","AI-300 MLLifecycle ModelComparison"
"An online model requires point-in-time feature retrieval at inference, and its retrieval definition must travel with the model artifact. What should registration include?<br><br>A) A packaged feature retrieval specification<br>B) A compute cluster autoscale schedule<br>C) A workspace private DNS zone export","A) A packaged feature retrieval specification<br><br>Packaging the retrieval specification with the model preserves the feature contract needed for consistent serving.<br><br>Reference: <a href=""https://learn.microsoft.com/en-us/azure/machine-learning/concept-what-is-managed-feature-store"">Managed feature store concepts</a>","Autoscale and DNS settings govern infrastructure, not feature semantics. Coupling the retrieval specification to the model reduces training-serving skew and improves deployment reproducibility.","AI-300 MLLifecycle FeatureRetrieval"
"A model logged during training must become a governed, versioned workspace asset that can be deployed later. Which action is required?<br><br>A) Register the MLflow model in Azure Machine Learning<br>B) Leave the artifact only in the temporary run output<br>C) Copy the pickle file into the source repository","A) Register the MLflow model in Azure Machine Learning<br><br>Registration creates a named and versioned model asset from the MLflow artifact.<br><br>Reference: <a href=""https://learn.microsoft.com/en-us/azure/machine-learning/how-to-manage-models-mlflow"">Manage MLflow models</a>","Run outputs provide lineage but are not the promoted deployment contract. Git is unsuitable for large binaries and lacks Azure ML model lifecycle metadata.","AI-300 MLLifecycle ModelRegistration"
"A retrained model uses the same logical name but must coexist with the currently deployed model until validation finishes. How should it be registered?<br><br>A) Overwrite the deployed model files in place<br>B) Create a new version under the same model name<br>C) Rename the workspace before every retraining run","B) Create a new version under the same model name<br><br>Model versions preserve immutable candidates under a stable logical name for comparison and controlled promotion.<br><br>Reference: <a href=""https://learn.microsoft.com/en-us/azure/machine-learning/how-to-manage-models"">Register and manage model versions</a>","In-place mutation destroys provenance and rollback safety. Workspace renaming does not version an artifact and disrupts dependent automation.","AI-300 MLLifecycle ModelVersioning"
"Before promoting a loan model, reviewers must inspect performance disparities across demographic cohorts and understand influential features. Which capability should they use?<br><br>A) Responsible AI dashboard analysis<br>B) Compute cluster node diagnostics<br>C) Azure Resource Graph inventory","A) Responsible AI dashboard analysis<br><br>The Responsible AI dashboard combines model explanations, error analysis, and fairness-oriented cohort assessment.<br><br>Reference: <a href=""https://learn.microsoft.com/en-us/azure/machine-learning/concept-responsible-ai-dashboard"">Responsible AI dashboard</a>","Compute diagnostics investigate infrastructure, while Resource Graph inventories Azure resources. Responsible evaluation complements—not replaces—domain review and governance decisions.","AI-300 MLLifecycle ResponsibleAI"
"An obsolete model must no longer appear in normal active-model workflows, but audit history and lineage must be retained. What should be done?<br><br>A) Delete every run and artifact permanently<br>B) Archive the registered model asset<br>C) Move the workspace to another subscription","B) Archive the registered model asset<br><br>Archiving removes an asset from active use while preserving its metadata and history for governance.<br><br>Reference: <a href=""https://learn.microsoft.com/en-us/azure/machine-learning/how-to-manage-models"">Manage the model lifecycle</a>","Permanent deletion conflicts with retention and audit requirements. Subscription movement changes resource ownership but does not express lifecycle status for the model.","AI-300 MLLifecycle ModelLifecycle"
"A fraud-scoring API must return one prediction synchronously for each request with low latency. Which deployment target is appropriate?<br><br>A) A managed online endpoint<br>B) A recurring batch endpoint job<br>C) A training pipeline schedule","A) A managed online endpoint<br><br>Online endpoints provide synchronous request-response inference for low-latency applications.<br><br>Reference: <a href=""https://learn.microsoft.com/en-us/azure/machine-learning/concept-endpoints-online"">Online endpoints</a>","Batch endpoints process large asynchronous datasets and do not serve interactive calls. Pipeline schedules orchestrate workflows rather than expose inference APIs.","AI-300 MLLifecycle OnlineEndpoints"
"A retailer scores 50 million records overnight and writes results to storage; no caller waits for an immediate response. Which target should it use?<br><br>A) A managed online endpoint with one request per row<br>B) An Azure Machine Learning batch endpoint<br>C) A compute instance running an open notebook","B) An Azure Machine Learning batch endpoint<br><br>Batch endpoints provide asynchronous, scalable inference over large datasets and persist outputs.<br><br>Reference: <a href=""https://learn.microsoft.com/en-us/azure/machine-learning/concept-endpoints-batch"">Batch endpoints</a>","Online endpoints add per-request overhead for an offline workload. An interactive notebook lacks production scheduling, isolation, retry, and scalable parallel execution.","AI-300 MLLifecycle BatchEndpoints"
"A team wants Azure to provision and patch the inference infrastructure while it controls deployment instances and scaling. Which option minimizes operational burden?<br><br>A) A managed online endpoint<br>B) A self-managed Kubernetes web service<br>C) A virtual machine with a custom API daemon","A) A managed online endpoint<br><br>Managed online endpoints handle serving infrastructure while exposing deployment, instance, traffic, and scaling controls.<br><br>Reference: <a href=""https://learn.microsoft.com/en-us/azure/machine-learning/concept-endpoints-online"">Managed online endpoints</a>","Kubernetes and VMs offer more infrastructure control but require cluster or host operations. Choose them only when requirements justify that additional responsibility.","AI-300 MLLifecycle ManagedInference"
"A new online deployment returns HTTP 500 responses. The team needs container startup output and scoring-script exceptions. What should it inspect first?<br><br>A) Deployment logs for the managed online endpoint<br>B) The model card description in the registry<br>C) Git branch protection audit events","A) Deployment logs for the managed online endpoint<br><br>Deployment logs expose container initialization and scoring failures needed to diagnose unhealthy inference replicas.<br><br>Reference: <a href=""https://learn.microsoft.com/en-us/azure/machine-learning/how-to-troubleshoot-online-endpoints"">Troubleshoot online endpoints</a>","Model descriptions and Git governance do not show runtime exceptions. Also validate locally and invoke the endpoint with representative payloads before shifting production traffic.","AI-300 MLLifecycle EndpointTroubleshooting"
"A replacement model must receive 10% of production requests while the current model receives 90%, with both behind one endpoint URL. What should be configured?<br><br>A) Weighted traffic allocation across two deployments<br>B) Two unrelated workspaces with separate DNS names<br>C) A batch deployment with ten parallel workers","A) Weighted traffic allocation across two deployments<br><br>An online endpoint can split traffic by percentage among deployments to support controlled rollout.<br><br>Reference: <a href=""https://learn.microsoft.com/en-us/azure/machine-learning/how-to-safely-rollout-online-endpoints"">Safely roll out online endpoints</a>","Separate endpoints complicate client routing and measurement. Batch worker count controls parallel offline processing, not request allocation between model versions.","AI-300 MLLifecycle ProgressiveRollout"
"A team wants to observe how a candidate deployment responds to live requests without returning its predictions to callers. Which rollout technique should it use?<br><br>A) Mirrored traffic to the candidate deployment<br>B) Fifty-percent weighted production traffic<br>C) A permanent batch scoring schedule","A) Mirrored traffic to the candidate deployment<br><br>Traffic mirroring sends copies of requests to a deployment while excluding its responses from client results.<br><br>Reference: <a href=""https://learn.microsoft.com/en-us/azure/machine-learning/how-to-safely-rollout-online-endpoints"">Mirror online endpoint traffic</a>","Weighted traffic exposes users to candidate responses, which violates the constraint. Batch scoring cannot reproduce live request shape, timing, or serving conditions.","AI-300 MLLifecycle ProgressiveRollout"
"Error rate rises immediately after all endpoint traffic moves to the new deployment. The old deployment is still healthy. What is the fastest safe response?<br><br>A) Retrain the new model while it serves all traffic<br>B) Reallocate traffic to the previous deployment<br>C) Delete the endpoint and create a different workspace","B) Reallocate traffic to the previous deployment<br><br>Keeping the prior deployment available enables rapid rollback by changing endpoint traffic weights.<br><br>Reference: <a href=""https://learn.microsoft.com/en-us/azure/machine-learning/how-to-safely-rollout-online-endpoints"">Rollback an online deployment</a>","Retraining does not immediately protect users, and endpoint deletion creates unnecessary downtime. Define health thresholds and automated rollback criteria before rollout.","AI-300 MLLifecycle SafeRollback"
"A model's input distributions may change after deployment even though ground-truth labels arrive weeks later. Which signal can detect this earliest?<br><br>A) Data drift between baseline and production inputs<br>B) Workspace resource-group naming drift<br>C) Git commit frequency for training scripts","A) Data drift between baseline and production inputs<br><br>Data drift monitoring compares production feature distributions with a reference dataset without requiring immediate labels.<br><br>Reference: <a href=""https://learn.microsoft.com/en-us/azure/machine-learning/concept-model-monitoring"">Model monitoring</a>","Infrastructure naming and source activity do not measure statistical changes in model inputs. Drift signals risk; it does not by itself prove that predictive quality declined.","AI-300 MLLifecycle DataDrift"
"Labels for production predictions are available. Which measure most directly reveals whether a classifier's quality has degraded?<br><br>A) Prediction performance metrics computed against ground truth<br>B) Average CPU utilization of inference replicas<br>C) Number of registered environment versions","A) Prediction performance metrics computed against ground truth<br><br>Comparing predictions with ground truth enables direct monitoring of quality metrics such as accuracy, precision, recall, or AUC.<br><br>Reference: <a href=""https://learn.microsoft.com/en-us/azure/machine-learning/concept-model-monitoring"">Monitor model performance</a>","CPU utilization indicates infrastructure load, not correctness. Asset counts are governance metadata; neither can establish predictive degradation.","AI-300 MLLifecycle ModelMonitoring"
"A production model should be checked every day against a recent data window without manual execution. What should the team configure?<br><br>A) A scheduled model monitoring job<br>B) An always-open notebook kernel<br>C) A repository issue template","A) A scheduled model monitoring job<br><br>A scheduled monitor repeatedly computes configured signals over production data and baseline windows.<br><br>Reference: <a href=""https://learn.microsoft.com/en-us/azure/machine-learning/how-to-monitor-model-performance"">Configure model monitoring</a>","Notebook kernels are interactive and fragile for operations, while issue templates only standardize human reports. Monitoring schedules should align with data arrival and business response time.","AI-300 MLLifecycle ModelMonitoring"
"Retraining is costly and must start only after a drift metric exceeds the approved limit, while operators must also be notified. Which design is best?<br><br>A) Trigger an alert and an automated retraining workflow from the threshold breach<br>B) Retrain continuously after every individual prediction<br>C) Wait for an annual manual review regardless of the metric","A) Trigger an alert and an automated retraining workflow from the threshold breach<br><br>Threshold-driven automation links monitored degradation to timely notification and controlled retraining.<br><br>Reference: <a href=""https://learn.microsoft.com/en-us/azure/machine-learning/concept-model-monitoring"">Production model monitoring</a>","Per-prediction retraining is wasteful and unstable, while annual review ignores the required response. Promotion should still require evaluation gates rather than automatically replacing production.","AI-300 MLLifecycle RetrainingTriggers"
"A batch deployment processes many independent files too slowly on one node. The scoring code already supports mini-batches. Which change improves throughput?<br><br>A) Increase batch parallelism and instance count<br>B) Convert the workload into one synchronous request<br>C) Disable partitioning of the input dataset","A) Increase batch parallelism and instance count<br><br>Batch deployments can divide input into mini-batches and process them concurrently across compute instances.<br><br>Reference: <a href=""https://learn.microsoft.com/en-us/azure/machine-learning/how-to-use-batch-model-deployments"">Use batch model deployments</a>","One synchronous request sacrifices batch scalability and risks timeout. Disabling partitioning prevents parallel work distribution and worsens the bottleneck.","AI-300 MLLifecycle BatchEndpoints"
"Only approved callers should invoke a managed online endpoint, and keys must not be distributed. Which authentication mode best fits?<br><br>A) Microsoft Entra token authentication<br>B) Anonymous public access<br>C) A shared endpoint key in source control","A) Microsoft Entra token authentication<br><br>Microsoft Entra authentication supports identity-based access and avoids distributing static endpoint keys.<br><br>Reference: <a href=""https://learn.microsoft.com/en-us/azure/machine-learning/how-to-authenticate-online-endpoint"">Authenticate clients for online endpoints</a>","Anonymous access cannot enforce caller identity, and committed keys are easily leaked and shared. Pair identity authentication with least-privilege role assignments.","AI-300 MLLifecycle EndpointSecurity"
"A batch endpoint invocation failed on several mini-batches because input files were malformed. Where should operators look for per-job failure details?<br><br>A) The batch job logs and output/error artifacts<br>B) The workspace's model description field<br>C) The repository's pull request labels","A) The batch job logs and output/error artifacts<br><br>Each batch invocation creates a job whose logs and artifacts expose scoring and mini-batch failures.<br><br>Reference: <a href=""https://learn.microsoft.com/en-us/azure/machine-learning/how-to-troubleshoot-batch-endpoints"">Troubleshoot batch endpoints</a>","Model metadata and PR labels cannot reveal runtime parsing errors. A robust scoring script should log failed items and define retry/error-threshold behavior deliberately.","AI-300 MLLifecycle EndpointTroubleshooting"
"A team must promote only models whose test metric exceeds 0.90 and whose responsible AI review is approved. Where should this decision be enforced?<br><br>A) In an automated deployment gate before production traffic changes<br>B) In the endpoint description after deployment completes<br>C) In a compute instance startup script for each developer","A) In an automated deployment gate before production traffic changes<br><br>A release gate can evaluate model metrics and governance approvals before a candidate is promoted.<br><br>Reference: <a href=""https://learn.microsoft.com/en-us/azure/architecture/ai-ml/guide/machine-learning-operations-v2"">Machine learning operations process</a>","Descriptions document state but do not enforce it, and developer startup scripts are not centralized release controls. Keep evaluation evidence immutable and tied to the registered model version.","AI-300 MLLifecycle ModelPromotion"
"The same pipeline definition must run with different datasets in development and production without editing component code. What design supports this?<br><br>A) Parameterize pipeline inputs and environment-specific bindings<br>B) Hard-code production storage paths in every component<br>C) Duplicate the entire pipeline for each dataset version","A) Parameterize pipeline inputs and environment-specific bindings<br><br>Explicit pipeline inputs separate reusable workflow logic from environment-specific data references.<br><br>Reference: <a href=""https://learn.microsoft.com/en-us/azure/machine-learning/how-to-create-component-pipeline-python"">Create component pipelines</a>","Hard-coding reduces portability and may expose production paths. Duplication causes configuration drift; parameterization preserves one governed workflow definition.","AI-300 MLLifecycle TrainingPipelines"
"A model candidate has better aggregate accuracy but performs substantially worse for a protected cohort. What should block automatic promotion?<br><br>A) A responsible AI acceptance criterion for cohort performance<br>B) A lower compute-cluster idle timeout<br>C) A newer Docker base image tag","A) A responsible AI acceptance criterion for cohort performance<br><br>Promotion criteria should include disaggregated performance and fairness risks, not only aggregate quality.<br><br>Reference: <a href=""https://learn.microsoft.com/en-us/azure/machine-learning/concept-responsible-ai-dashboard"">Responsible AI assessment</a>","Compute cost and image freshness matter operationally but do not resolve harmful cohort disparity. Human governance should define acceptable tradeoffs and escalation paths.","AI-300 MLLifecycle ResponsibleAI"
"A Foundry team needs a governed boundary for connections, deployments, agents, evaluations, and collaborators for one application. What should it create?<br><br>A) A Microsoft Foundry project<br>B) An Azure Machine Learning datastore<br>C) An Azure Monitor action group","A) A Microsoft Foundry project<br><br>A Foundry project organizes application resources, connections, deployments, assets, and team access.<br><br>Reference: <a href=""https://learn.microsoft.com/en-us/azure/ai-foundry/what-is-azure-ai-foundry"">What is Microsoft Foundry</a>","A datastore abstracts storage connectivity, while an action group routes alerts. Neither provides the application development and governance boundary required here.","AI-300 GenAIOpsInfrastructure FoundryProjects"
"A Foundry application must access Azure AI Search without API keys. Which configuration is preferred?<br><br>A) A managed identity assigned an appropriate Search data role<br>B) An admin key embedded in the system prompt<br>C) A query key committed to the application repository","A) A managed identity assigned an appropriate Search data role<br><br>Managed identity and Azure RBAC provide credential-free, least-privilege access to the search service.<br><br>Reference: <a href=""https://learn.microsoft.com/en-us/azure/ai-foundry/how-to/managed-identity"">Use managed identities in Foundry</a>","Admin keys grant broad privileges and prompts can leak. Query keys are less privileged but remain static secrets requiring distribution and rotation.","AI-300 GenAIOpsInfrastructure ManagedIdentity"
"A developer should build and evaluate a Foundry application but must not change project role assignments. Which access design follows least privilege?<br><br>A) Assign the narrow project-level development role needed<br>B) Assign Owner at the subscription scope<br>C) Share the project administrator's access token","A) Assign the narrow project-level development role needed<br><br>Azure RBAC should grant only required actions at the smallest practical scope.<br><br>Reference: <a href=""https://learn.microsoft.com/en-us/azure/ai-foundry/concepts/rbac-azure-ai-foundry"">Role-based access control in Foundry</a>","Subscription Owner can modify access across unrelated resources, and token sharing destroys identity and audit boundaries. Separate resource administration from application development duties.","AI-300 GenAIOpsInfrastructure RBAC"
"A regulated Foundry deployment must keep service traffic on private IP addresses and disable public network access. What should be implemented?<br><br>A) Private endpoints and correctly linked private DNS zones<br>B) Public endpoints protected only by randomized names<br>C) Resource locks on every project and deployment","A) Private endpoints and correctly linked private DNS zones<br><br>Private Link and DNS integration route supported service access privately from approved networks.<br><br>Reference: <a href=""https://learn.microsoft.com/en-us/azure/ai-foundry/how-to/configure-private-link"">Configure private networking for Foundry</a>","Obscure names are not a security boundary, and resource locks prevent changes rather than network access. Validate every dependency because private networking must cover the complete data path.","AI-300 GenAIOpsInfrastructure NetworkSecurity"
"Development, test, and production Foundry environments must use identical topology but different names and capacities. Which deployment method is best?<br><br>A) Parameterized Bicep templates invoked by automation<br>B) Repeated manual portal configuration in each environment<br>C) Exported screenshots stored with the application source","A) Parameterized Bicep templates invoked by automation<br><br>Parameterized IaC keeps topology consistent while allowing controlled environment-specific values.<br><br>Reference: <a href=""https://learn.microsoft.com/en-us/azure/ai-foundry/how-to/create-resource-template"">Create Foundry resources with templates</a>","Manual recreation encourages drift, and screenshots are documentation rather than executable desired state. Validate changes with what-if before deployment.","AI-300 GenAIOpsInfrastructure InfrastructureAsCode"
"A team wants to call a catalog model through a provider-managed API and avoid managing virtual machines or containers. Which deployment type should it choose?<br><br>A) A serverless API deployment<br>B) A self-hosted Kubernetes deployment<br>C) A local compute instance deployment","A) A serverless API deployment<br><br>Serverless API deployments expose supported catalog models as managed endpoints without customer-managed serving infrastructure.<br><br>Reference: <a href=""https://learn.microsoft.com/en-us/azure/ai-foundry/how-to/deploy-models-serverless"">Deploy models as serverless APIs</a>","Kubernetes is appropriate for custom infrastructure control but adds operations. A compute instance is an interactive development machine, not a production serving service.","AI-300 GenAIOpsInfrastructure ModelDeployment"
"A specialized model requires a custom inference environment and dedicated compute sizing not offered by its serverless option. Which deployment approach fits?<br><br>A) Managed compute deployment in Foundry<br>B) A prompt asset with no model deployment<br>C) A Log Analytics saved query","A) Managed compute deployment in Foundry<br><br>Managed compute supports model serving with selected compute and deployment configuration when serverless APIs do not meet requirements.<br><br>Reference: <a href=""https://learn.microsoft.com/en-us/azure/ai-foundry/how-to/deploy-models-managed"">Deploy models to managed compute</a>","Prompts orchestrate model behavior but do not host model weights. Saved queries analyze telemetry and cannot execute inference.","AI-300 GenAIOpsInfrastructure ManagedCompute"
"A customer-support application prioritizes instruction following, supported context length, regional availability, and cost. How should the team choose a foundation model?<br><br>A) Evaluate eligible catalog models against representative tasks and constraints<br>B) Select the model with the largest parameter count automatically<br>C) Select whichever model was added to the catalog most recently","A) Evaluate eligible catalog models against representative tasks and constraints<br><br>Model selection should combine workload requirements, availability, safety, quality evaluation, latency, and cost.<br><br>Reference: <a href=""https://learn.microsoft.com/en-us/azure/ai-foundry/concepts/foundry-models-overview"">Models in Microsoft Foundry</a>","Parameter count and release date are weak proxies and may conflict with cost, region, context, or latency requirements. Representative evaluation provides workload-specific evidence.","AI-300 GenAIOpsInfrastructure ModelSelection"
"A provider announces a new model version, but production must remain reproducible until regression tests pass. What should the deployment reference?<br><br>A) An explicitly selected model version<br>B) An automatically resolved latest alias only<br>C) An unversioned model name stored in a notebook cell","A) An explicitly selected model version<br><br>Pinning a model version prevents unreviewed provider updates from silently changing production behavior.<br><br>Reference: <a href=""https://learn.microsoft.com/en-us/azure/ai-services/openai/concepts/model-versions"">Model versions and upgrades</a>","Latest-style resolution trades control for convenience. Use a staged deployment and evaluation suite before deliberately promoting a newer model version.","AI-300 GenAIOpsInfrastructure ModelVersioning"
"A new foundation-model deployment must be tested with a small share of users and rolled back quickly if quality falls. Which strategy is appropriate?<br><br>A) A canary rollout with measured promotion gates<br>B) Immediate replacement of the only production deployment<br>C) Manual prompt edits directly in the production portal","A) A canary rollout with measured promotion gates<br><br>A canary strategy limits exposure, compares production signals, and retains a known-good rollback target.<br><br>Reference: <a href=""https://learn.microsoft.com/en-us/azure/well-architected/operational-excellence/safe-deployments"">Safe deployment practices</a>","Immediate replacement increases blast radius. Unversioned portal edits bypass review and make attribution or rollback difficult.","AI-300 GenAIOpsInfrastructure ProductionDeployment"
"A high-volume generative AI workload needs predictable reserved capacity and stable latency rather than consumption-based shared throughput. What should be configured?<br><br>A) Provisioned throughput units<br>B) A larger Log Analytics retention period<br>C) A higher Azure AI Search replica count only","A) Provisioned throughput units<br><br>Provisioned throughput reserves model-processing capacity for predictable high-volume workloads.<br><br>Reference: <a href=""https://learn.microsoft.com/en-us/azure/ai-services/openai/concepts/provisioned-throughput"">Provisioned throughput</a>","Telemetry retention does not affect inference capacity, and search replicas improve retrieval throughput rather than language-model token processing.","AI-300 GenAIOpsInfrastructure ProvisionedThroughput"
"Traffic is intermittent and low, and the application can tolerate variable shared-service latency. Which capacity model generally avoids paying for reserved model throughput?<br><br>A) Standard consumption-based deployment<br>B) Provisioned throughput deployment<br>C) Dedicated GPU virtual machines kept online","A) Standard consumption-based deployment<br><br>Standard deployments charge for usage and are often appropriate for variable workloads that do not justify reserved capacity.<br><br>Reference: <a href=""https://learn.microsoft.com/en-us/azure/ai-services/openai/how-to/deployment-types"">Azure OpenAI deployment types</a>","Provisioned throughput targets predictable sustained demand, while dedicated VMs add management and idle cost. Validate regional availability and quota before choosing a type.","AI-300 GenAIOpsInfrastructure ModelDeployment"
"A planned PTU deployment fails despite valid Bicep syntax because the subscription cannot allocate the requested model capacity in that region. What should be checked?<br><br>A) Model quota and capacity availability for the region<br>B) The Git repository's default branch name<br>C) The prompt's groundedness evaluation score","A) Model quota and capacity availability for the region<br><br>Model deployments depend on subscription quota and available capacity for the chosen model, version, type, and region.<br><br>Reference: <a href=""https://learn.microsoft.com/en-us/azure/ai-services/openai/how-to/quota"">Azure OpenAI quota and limits</a>","Branch naming and prompt quality cannot resolve resource allocation failure. Capacity planning should precede production-region selection and IaC rollout.","AI-300 GenAIOpsInfrastructure CapacityPlanning"
"A prompt change must be reviewed, reproduced, and correlated with evaluation results. How should the prompt be managed?<br><br>A) Store the prompt as a version-controlled source artifact<br>B) Edit only the live deployment with no saved history<br>C) Save the prompt in a developer's terminal history","A) Store the prompt as a version-controlled source artifact<br><br>Git-based prompt management provides history, review, branching, and linkage to tests and releases.<br><br>Reference: <a href=""https://learn.microsoft.com/en-us/azure/ai-foundry/how-to/flow-develop"">Develop and manage generative AI flows</a>","Direct production edits and shell history lack governed review and reproducibility. Treat prompts, model settings, tools, and evaluation data as coordinated release inputs.","AI-300 GenAIOpsInfrastructure PromptVersioning"
"Two system prompts differ in tone and instruction ordering. The team needs objective evidence about which performs better. What should it do?<br><br>A) Evaluate both variants on the same representative dataset and metrics<br>B) Compare only the character count of each prompt<br>C) Deploy the newer prompt to all users without a baseline","A) Evaluate both variants on the same representative dataset and metrics<br><br>Controlled evaluation isolates prompt variation while holding test examples and scoring criteria constant.<br><br>Reference: <a href=""https://learn.microsoft.com/en-us/azure/ai-foundry/how-to/develop/evaluate-sdk"">Evaluate generative AI applications</a>","Prompt length is a cost signal, not a quality verdict. Full deployment without baseline evidence increases risk and prevents a controlled comparison.","AI-300 GenAIOpsInfrastructure PromptVariants"
"Developers frequently overwrite one another's prompt changes and cannot reproduce the version used in last week's release. Which practice fixes both issues?<br><br>A) Branch, review, and tag prompt files in Git<br>B) Share one mutable prompt in a team chat message<br>C) Put the latest prompt only in an endpoint description","A) Branch, review, and tag prompt files in Git<br><br>Git workflows preserve immutable history and enable collaborative review and release tagging.<br><br>Reference: <a href=""https://learn.microsoft.com/en-us/devops/develop/git/what-is-version-control"">What is version control</a>","Chat and descriptions are mutable communication surfaces, not source-control systems. Release tags should identify prompt, configuration, and model versions together.","AI-300 GenAIOpsInfrastructure SourceControl"
"A production agent calls Azure services on behalf of the application. Credentials must rotate automatically and each call must be attributable to the workload. What should it use?<br><br>A) The project's managed identity with scoped RBAC<br>B) A developer's personal access token<br>C) A subscription key pasted into agent instructions","A) The project's managed identity with scoped RBAC<br><br>A managed workload identity supplies short-lived tokens and auditable authorization without embedded secrets.<br><br>Reference: <a href=""https://learn.microsoft.com/en-us/azure/ai-foundry/how-to/managed-identity"">Managed identity for Foundry projects</a>","Personal tokens couple production to a person, and prompts are unsafe secret stores. Scope each tool's permissions independently where practical.","AI-300 GenAIOpsInfrastructure AgentIdentity"
"A Foundry project needs governed access to an existing Azure AI Search service used by its RAG application. Which project object should represent that dependency?<br><br>A) A configured project connection<br>B) A model evaluation dataset<br>C) A prompt variant label","A) A configured project connection<br><br>Project connections define how Foundry applications access dependent Azure and external resources.<br><br>Reference: <a href=""https://learn.microsoft.com/en-us/azure/ai-foundry/how-to/connections-add"">Add connections to a Foundry project</a>","Evaluation datasets measure behavior, and variant labels distinguish prompt alternatives. Neither establishes resource connectivity or authentication.","AI-300 GenAIOpsInfrastructure Connections"
"An automation identity needs to create model deployments but must not grant roles to other principals. Which control should enforce this?<br><br>A) A custom or built-in RBAC role excluding role-assignment actions<br>B) Subscription Owner assigned to the automation identity<br>C) Shared use of a Global Administrator account","A) A custom or built-in RBAC role excluding role-assignment actions<br><br>Least-privilege RBAC can permit resource deployment while withholding Microsoft.Authorization role-assignment permissions.<br><br>Reference: <a href=""https://learn.microsoft.com/en-us/azure/role-based-access-control/overview"">Azure role-based access control</a>","Owner includes access delegation, and shared administrative accounts defeat separation of duties. Scope the role to the resource group or project where possible.","AI-300 GenAIOpsInfrastructure RBAC"
"A pull request changes a model SKU and network setting in Bicep. The team wants to preview Azure resource changes before approval. Which operation should CI run?<br><br>A) An Azure Resource Manager what-if deployment<br>B) A production model inference benchmark only<br>C) A destructive resource-group deletion test","A) An Azure Resource Manager what-if deployment<br><br>What-if predicts resource additions, removals, and modifications without applying the Bicep deployment.<br><br>Reference: <a href=""https://learn.microsoft.com/en-us/azure/azure-resource-manager/bicep/deploy-what-if"">Bicep what-if operation</a>","Inference benchmarks test runtime performance but not infrastructure drift. Destructive tests are unnecessary and unsafe for change preview.","AI-300 GenAIOpsInfrastructure InfrastructureAsCode"
"Clients must keep a stable logical endpoint while a tested model version replaces the old one. Which practice best decouples clients from model versions?<br><br>A) Route through a stable deployment or application endpoint name<br>B) Embed the provider's model version in every client binary<br>C) Require users to discover a new URL after each release","A) Route through a stable deployment or application endpoint name<br><br>A stable abstraction lets operators change the backing model through a controlled release without coordinating every client.<br><br>Reference: <a href=""https://learn.microsoft.com/en-us/azure/ai-services/openai/how-to/create-resource"">Create and deploy Azure OpenAI models</a>","Hard-coded versions and changing URLs tightly couple clients to releases. Preserve version details in deployment metadata and observability for auditability.","AI-300 GenAIOpsInfrastructure ModelVersioning"
"A model's default safety behavior is insufficient for an application's policy, but the team still needs platform-level filtering at inference. What should be associated with the deployment?<br><br>A) A configured content filter policy<br>B) A higher embedding vector dimension<br>C) A compute cluster idle shutdown rule","A) A configured content filter policy<br><br>Content filtering can be configured and applied to model deployments to enforce supported harm-category thresholds.<br><br>Reference: <a href=""https://learn.microsoft.com/en-us/azure/ai-services/openai/how-to/content-filters"">Configure content filters</a>","Embedding dimensions affect retrieval representation, and compute shutdown affects cost. Filtering is one defense layer and does not replace application safeguards or evaluation.","AI-300 GenAIOpsInfrastructure SafetyConfiguration"
"A team needs to compare model offerings, deployment options, task capabilities, and benchmarks before selecting a foundation model. Where should it start?<br><br>A) The Foundry model catalog<br>B) The Azure Policy compliance dashboard<br>C) The Machine Learning datastore list","A) The Foundry model catalog<br><br>The model catalog supports discovery and comparison of available foundation models and deployment paths.<br><br>Reference: <a href=""https://learn.microsoft.com/en-us/azure/ai-foundry/how-to/model-catalog-overview"">Explore the model catalog</a>","Policy reports governance compliance and datastores list storage connections. Neither supplies model capability and deployment metadata.","AI-300 GenAIOpsInfrastructure ModelCatalog"
"A deployment pipeline must create a Foundry resource, project, and dependent services in a deterministic order. Which design is most maintainable?<br><br>A) Modular Bicep with explicit resource dependencies and outputs<br>B) Independent portal clicks performed in any order<br>C) One notebook cell containing undocumented REST calls","A) Modular Bicep with explicit resource dependencies and outputs<br><br>Bicep modules and dependency expressions make provisioning order and resource contracts reviewable and repeatable.<br><br>Reference: <a href=""https://learn.microsoft.com/en-us/azure/azure-resource-manager/bicep/modules"">Bicep modules</a>","Portal operations are manual, and undocumented notebook calls obscure idempotency and failure handling. Module outputs should pass resource identifiers rather than duplicate naming logic.","AI-300 GenAIOpsInfrastructure InfrastructureAsCode"
"A model performs well in English but the production workload includes Spanish and Japanese. What should happen before model selection is finalized?<br><br>A) Evaluate candidate models on representative multilingual examples<br>B) Assume benchmark leadership guarantees equal language quality<br>C) Translate all outputs after deployment without testing inputs","A) Evaluate candidate models on representative multilingual examples<br><br>Workload-specific evaluation must represent languages, tasks, and distributions expected in production.<br><br>Reference: <a href=""https://learn.microsoft.com/en-us/azure/ai-foundry/how-to/develop/evaluate-sdk"">Evaluate models and applications</a>","Aggregate benchmarks can hide language-specific weaknesses. Post-translation adds another model and does not validate understanding of multilingual inputs.","AI-300 GenAIOpsInfrastructure ModelSelection"
"A project has separate development and production model deployments. Operators need to know exactly which prompt commit and model version formed each release. What should be recorded?<br><br>A) Immutable release metadata linking prompt commit and deployment version<br>B) Only the current prompt text in a shared document<br>C) Only the model family name in the resource group tag","A) Immutable release metadata linking prompt commit and deployment version<br><br>Release traceability requires a durable mapping among source, prompt, configuration, model, and deployment versions.<br><br>Reference: <a href=""https://learn.microsoft.com/en-us/azure/architecture/ai-ml/guide/genaiops-for-mops"">GenAIOps for generative AI</a>","A mutable document loses history, while a model family omits prompt and configuration changes. Complete linkage enables rollback and root-cause analysis.","AI-300 GenAIOpsInfrastructure ReleaseManagement"
"A customer-facing assistant will be evaluated before release. The team needs examples covering normal requests, edge cases, and known failures with expected context fields. What should it create?<br><br>A) A representative versioned test dataset<br>B) A larger production compute instance<br>C) A private DNS zone for evaluation results","A) A representative versioned test dataset<br><br>A curated test dataset supplies stable inputs and context for repeatable application and model evaluation.<br><br>Reference: <a href=""https://learn.microsoft.com/en-us/azure/ai-foundry/how-to/develop/evaluate-sdk"">Prepare data for evaluation</a>","Compute size affects execution speed and DNS controls name resolution. Neither defines what quality and risk cases are tested.","AI-300 GenAIQuality EvaluationData"
"An evaluator expects fields named query, response, and context, but the test file uses question, answer, and passages. What must be configured?<br><br>A) Data mapping from dataset columns to evaluator inputs<br>B) A new provisioned throughput deployment<br>C) A content filter with higher severity thresholds","A) Data mapping from dataset columns to evaluator inputs<br><br>Evaluation data mapping binds application dataset fields to the evaluator's required input schema.<br><br>Reference: <a href=""https://learn.microsoft.com/en-us/azure/ai-foundry/how-to/develop/evaluate-sdk"">Evaluation data mapping</a>","Throughput and filtering affect serving and safety, not evaluator schema compatibility. Incorrect mapping can produce invalid or misleading scores.","AI-300 GenAIQuality DataMapping"
"A RAG assistant gives a fluent answer that contains claims absent from the retrieved documents. Which quality metric most directly exposes the problem?<br><br>A) Groundedness<br>B) Fluency<br>C) Throughput","A) Groundedness<br><br>Groundedness measures whether response claims are supported by the supplied context.<br><br>Reference: <a href=""https://learn.microsoft.com/en-us/azure/ai-foundry/concepts/evaluation-metrics-built-in"">Built-in evaluation metrics</a>","Fluency measures linguistic quality and can be high for fabricated claims. Throughput measures operational capacity, not factual support from retrieved evidence.","AI-300 GenAIQuality Groundedness"
"An answer is fully supported by documents but does not address the user's actual question. Which metric should be emphasized?<br><br>A) Relevance<br>B) Groundedness<br>C) Token consumption","A) Relevance<br><br>Relevance assesses how well the response addresses the user's query and informational need.<br><br>Reference: <a href=""https://learn.microsoft.com/en-us/azure/ai-foundry/concepts/evaluation-metrics-built-in"">Quality evaluation metrics</a>","Groundedness can be high for an off-topic but supported statement. Token consumption measures cost and size rather than task alignment.","AI-300 GenAIQuality Relevance"
"A generated report contradicts itself between sections even though each sentence is grammatical. Which metric targets this weakness?<br><br>A) Coherence<br>B) Fluency<br>C) Request latency","A) Coherence<br><br>Coherence evaluates logical consistency, organization, and meaningful flow across the response.<br><br>Reference: <a href=""https://learn.microsoft.com/en-us/azure/ai-foundry/concepts/evaluation-metrics-built-in"">Coherence evaluation</a>","Fluency focuses on language form and readability; latency measures speed. A response can be fluent and fast while logically inconsistent.","AI-300 GenAIQuality Coherence"
"A response contains awkward grammar and unnatural phrasing but follows a logically consistent outline. Which metric best captures the defect?<br><br>A) Fluency<br>B) Coherence<br>C) Groundedness","A) Fluency<br><br>Fluency measures grammatical correctness, readability, and natural language quality.<br><br>Reference: <a href=""https://learn.microsoft.com/en-us/azure/ai-foundry/concepts/evaluation-metrics-built-in"">Fluency evaluation</a>","Coherence evaluates logical structure, while groundedness checks support from context. These quality dimensions should be evaluated separately to avoid masking tradeoffs.","AI-300 GenAIQuality Fluency"
"Before launch, an agent must be tested for hateful, sexual, violent, and self-harm content across adversarial prompts. What evaluation should be run?<br><br>A) Risk and safety evaluation<br>B) Retrieval latency benchmark only<br>C) Embedding dimensionality analysis","A) Risk and safety evaluation<br><br>Risk and safety evaluators assess supported harmful-content categories and severities in generated interactions.<br><br>Reference: <a href=""https://learn.microsoft.com/en-us/azure/ai-foundry/concepts/evaluation-metrics-built-in"">Risk and safety evaluators</a>","Latency and vector dimensions do not measure harmful output. Combine pre-release red-team-style cases, platform controls, and post-release monitoring.","AI-300 GenAIQuality SafetyEvaluation"
"A legal assistant has a domain rule that citations must use an approved identifier format. No built-in metric checks it. What should the team add?<br><br>A) A custom evaluator for citation compliance<br>B) A larger standard model deployment<br>C) A lower search similarity threshold","A) A custom evaluator for citation compliance<br><br>Custom evaluators encode application-specific quality rules not covered by general built-in metrics.<br><br>Reference: <a href=""https://learn.microsoft.com/en-us/azure/ai-foundry/how-to/develop/evaluate-sdk"">Create custom evaluators</a>","A larger model may still violate formatting, and search thresholds affect retrieval candidates. Explicit domain metrics make release criteria measurable.","AI-300 GenAIQuality CustomEvaluation"
"Every pull request that changes a prompt must run the same evaluation suite and fail when quality drops below thresholds. Where should this run?<br><br>A) An automated CI workflow<br>B) An annual manual production review<br>C) An interactive notebook with no saved results","A) An automated CI workflow<br><br>CI evaluation provides consistent regression checks before prompt changes merge or deploy.<br><br>Reference: <a href=""https://learn.microsoft.com/en-us/azure/ai-foundry/how-to/continuous-evaluation-generative-ai"">Continuous evaluation for generative AI</a>","Annual review is too late, and unsaved notebook runs are not enforceable or auditable. Version the dataset and evaluator configuration with the release inputs.","AI-300 GenAIQuality AutomatedEvaluation"
"Offline tests pass, but production traffic evolves over time. Which capability should detect ongoing quality changes on sampled live interactions?<br><br>A) Continuous monitoring in Foundry<br>B) A one-time local unit test run<br>C) A resource-group naming convention","A) Continuous monitoring in Foundry<br><br>Continuous monitoring evaluates operational traces and quality signals after deployment to detect changes in real usage.<br><br>Reference: <a href=""https://learn.microsoft.com/en-us/azure/ai-foundry/how-to/monitor-applications"">Monitor generative AI applications</a>","Unit tests remain useful but cannot observe distribution shifts in live traffic. Naming conventions aid organization, not behavioral detection.","AI-300 GenAIQuality ContinuousMonitoring"
"Users report that responses feel slow. Which metric most directly quantifies time from request submission until the response completes?<br><br>A) End-to-end response latency<br>B) Tokens per billing month<br>C) Groundedness score","A) End-to-end response latency<br><br>End-to-end latency captures user-perceived request duration across retrieval, orchestration, model inference, and post-processing.<br><br>Reference: <a href=""https://learn.microsoft.com/en-us/azure/ai-foundry/how-to/monitor-applications"">Monitor application performance</a>","Monthly tokens quantify usage and groundedness measures context support. Trace spans are then needed to identify which stage dominates latency.","AI-300 GenAIQuality PerformanceMonitoring"
"A service meets single-request latency targets but cannot sustain the required requests per minute during peak load. Which metric reveals this limitation?<br><br>A) Throughput<br>B) Coherence<br>C) Citation precision","A) Throughput<br><br>Throughput measures the amount of work completed per unit time and exposes capacity constraints under load.<br><br>Reference: <a href=""https://learn.microsoft.com/en-us/azure/ai-services/openai/how-to/latency"">Latency and throughput</a>","Coherence and citation precision are quality measures. Diagnose throughput alongside rate limits, concurrency, token sizes, and deployment capacity.","AI-300 GenAIQuality PerformanceMonitoring"
"A generative AI application's monthly cost rises although request count is stable. Which telemetry should be examined first?<br><br>A) Input and output token consumption by operation<br>B) Number of Git branches in the prompt repository<br>C) Count of private DNS records in the virtual network","A) Input and output token consumption by operation<br><br>Token telemetry reveals whether larger prompts, retrieved context, or responses increased model usage per request.<br><br>Reference: <a href=""https://learn.microsoft.com/en-us/azure/ai-foundry/how-to/monitor-applications"">Monitor cost and token usage</a>","Source branches and DNS records do not drive model token billing. Correlate tokens with model deployment, route, customer, and prompt version to locate regressions.","AI-300 GenAIQuality CostMonitoring"
"An agent intermittently calls the wrong tool. Operators need to reconstruct model calls, tool calls, timing, and errors for one request. What should be enabled?<br><br>A) Distributed tracing with correlated spans and detailed logs<br>B) Only aggregate monthly token totals<br>C) Only Azure Resource Manager activity logs","A) Distributed tracing with correlated spans and detailed logs<br><br>Traces show the sequence and timing of application, model, retrieval, and tool operations for a request.<br><br>Reference: <a href=""https://learn.microsoft.com/en-us/azure/ai-foundry/how-to/develop/trace-application"">Trace generative AI applications</a>","Aggregate totals lack request detail, while activity logs record management-plane changes rather than agent execution. Redact sensitive prompt and tool data according to policy.","AI-300 GenAIQuality Tracing"
"A release dashboard shows average latency is acceptable, but a small group experiences severe delays. Which analysis should be added?<br><br>A) Tail latency percentiles such as p95 and p99<br>B) Only the arithmetic mean latency<br>C) Only the total number of model deployments","A) Tail latency percentiles such as p95 and p99<br><br>High percentiles reveal slow outliers hidden by an acceptable average and better represent poor user experiences.<br><br>Reference: <a href=""https://learn.microsoft.com/en-us/azure/well-architected/performance-efficiency/performance-test"">Performance testing guidance</a>","The mean can conceal a long tail, and deployment counts say nothing about request duration. Segment percentiles by model, route, region, and prompt version.","AI-300 GenAIQuality PerformanceMonitoring"
"RAG retrieval returns many weakly related passages that distract the model. Relevant documents usually score much higher. What should be tuned first?<br><br>A) Raise the similarity threshold using evaluation evidence<br>B) Increase response temperature for more variety<br>C) Increase model output-token allowance","A) Raise the similarity threshold using evaluation evidence<br><br>A higher similarity cutoff can exclude low-relevance retrieval results when score separation supports that choice.<br><br>Reference: <a href=""https://learn.microsoft.com/en-us/azure/search/vector-search-how-to-query"">Vector query configuration</a>","Temperature and output limits affect generation, not which passages are retrieved. Tune thresholds against recall and relevance because an excessive cutoff can omit needed evidence.","AI-300 GenAIOptimization RetrievalTuning"
"Large documents are indexed as entire files, causing broad embeddings and oversized context. Which change is most likely to improve retrieval precision?<br><br>A) Split documents into semantically meaningful chunks with controlled overlap<br>B) Concatenate all documents into one index record<br>C) Remove document metadata before indexing","A) Split documents into semantically meaningful chunks with controlled overlap<br><br>Chunking creates focused retrieval units while overlap can preserve concepts crossing boundaries.<br><br>Reference: <a href=""https://learn.microsoft.com/en-us/azure/search/vector-search-how-to-chunk-documents"">Chunk documents for vector search</a>","A single record reduces granularity, and removing metadata discards useful filtering and citation context. Evaluate chunk size rather than assuming smaller is always better.","AI-300 GenAIOptimization Chunking"
"A RAG system retrieves one excellent passage but often misses a second passage needed to answer multi-part questions. Which parameter should be evaluated?<br><br>A) The number of top results returned<br>B) The model's maximum output tokens only<br>C) The deployment's content filter severity only","A) The number of top results returned<br><br>Increasing top-k can improve retrieval recall for questions requiring evidence from multiple chunks.<br><br>Reference: <a href=""https://learn.microsoft.com/en-us/azure/search/vector-search-how-to-query"">Configure vector query results</a>","Generation limits and content filters do not add retrieved evidence. Larger top-k can add noise and cost, so tune it with end-to-end relevance evaluation.","AI-300 GenAIOptimization RetrievalStrategies"
"A multilingual legal corpus uses specialized terminology. The current general embedding model performs poorly on cross-language retrieval. What is the best next step?<br><br>A) Evaluate multilingual or domain-suitable embedding models on labeled query-document pairs<br>B) Select an embedding model solely by its vector dimension<br>C) Increase the chat model temperature during retrieval","A) Evaluate multilingual or domain-suitable embedding models on labeled query-document pairs<br><br>Embedding selection should be based on retrieval quality for representative languages and domain semantics.<br><br>Reference: <a href=""https://learn.microsoft.com/en-us/azure/ai-foundry/concepts/foundry-models-overview"">Select models in Foundry</a>","Dimension affects storage and compatibility but does not prove relevance. Chat temperature applies during generation and cannot repair the embedding space.","AI-300 GenAIOptimization EmbeddingModels"
"An embedding model is adapted for a medical vocabulary. What must happen before it replaces the production embedding model?<br><br>A) Re-embed indexed content and validate queries in a compatible index<br>B) Keep old document vectors and change only query embeddings<br>C) Change the chat model without touching the search index","A) Re-embed indexed content and validate queries in a compatible index<br><br>Queries and documents must be encoded into the same compatible embedding space for meaningful vector similarity.<br><br>Reference: <a href=""https://learn.microsoft.com/en-us/azure/search/vector-search-how-to-create-index"">Create a vector index</a>","Mixing old document vectors with new query embeddings yields invalid similarity comparisons. Use a parallel index for safe evaluation and rollback.","AI-300 GenAIOptimization EmbeddingModels"
"Users search with exact product codes plus natural-language descriptions. Which retrieval design best combines lexical precision and semantic similarity?<br><br>A) Hybrid search with keyword and vector queries<br>B) Vector search with all text fields removed<br>C) Keyword search with embeddings disabled permanently","A) Hybrid search with keyword and vector queries<br><br>Hybrid search executes lexical and vector retrieval together and merges their results.<br><br>Reference: <a href=""https://learn.microsoft.com/en-us/azure/search/hybrid-search-overview"">Hybrid search overview</a>","Vector-only retrieval can miss exact identifiers, while keyword-only retrieval can miss paraphrases. Hybrid retrieval is especially useful when both behaviors matter.","AI-300 GenAIOptimization HybridSearch"
"Hybrid retrieval returns a strong candidate set, but ranking still poorly reflects the meaning of complex natural-language questions. Which feature can rerank the results?<br><br>A) Semantic ranker<br>B) Storage lifecycle management<br>C) Compute instance autostop","A) Semantic ranker<br><br>Semantic ranker applies language understanding to rerank an initial search result set for semantic relevance.<br><br>Reference: <a href=""https://learn.microsoft.com/en-us/azure/search/semantic-search-overview"">Semantic ranking in Azure AI Search</a>","Storage lifecycle and compute schedules control cost, not search ordering. Semantic ranking complements retrieval and does not replace a well-designed index or filters.","AI-300 GenAIOptimization HybridSearch"
"A team changes chunk size and retrieval strategy. Which evaluation most directly determines whether the retriever improved before generation?<br><br>A) Retrieval relevance metrics on labeled query-document judgments<br>B) GPU utilization of the chat model deployment<br>C) Grammatical fluency of generated answers only","A) Retrieval relevance metrics on labeled query-document judgments<br><br>Retriever metrics compare returned documents with relevance judgments and isolate search quality from generation behavior.<br><br>Reference: <a href=""https://learn.microsoft.com/en-us/azure/ai-foundry/concepts/evaluation-metrics-built-in"">Retrieval evaluation metrics</a>","GPU utilization is operational, and answer fluency can remain high with poor evidence. Also run end-to-end groundedness and relevance tests before release.","AI-300 GenAIOptimization RAGEvaluation"
"Two RAG configurations pass offline tests. The team needs evidence from real users while limiting risk. Which experiment is appropriate?<br><br>A) A randomized A/B test with predefined success and guardrail metrics<br>B) A full replacement with no control group<br>C) A comparison of configuration file lengths","A) A randomized A/B test with predefined success and guardrail metrics<br><br>A controlled A/B test estimates causal performance differences while monitoring quality, safety, latency, and cost.<br><br>Reference: <a href=""https://learn.microsoft.com/en-us/azure/architecture/ai-ml/guide/genaiops-for-mops"">GenAIOps experimentation</a>","Full replacement confounds change with time and raises blast radius. File length has no reliable relationship to user outcomes.","AI-300 GenAIOptimization ABTesting"
"A base model follows general instructions but repeatedly mishandles a stable, specialized output task despite prompt optimization and sufficient examples. Which customization may help?<br><br>A) Supervised fine-tuning with curated input-output examples<br>B) Increasing search replicas without using retrieval<br>C) Adding more private DNS records to the project","A) Supervised fine-tuning with curated input-output examples<br><br>Supervised fine-tuning can adapt model behavior to a recurring task using high-quality labeled demonstrations.<br><br>Reference: <a href=""https://learn.microsoft.com/en-us/azure/ai-services/openai/concepts/fine-tuning-considerations"">Fine-tuning considerations</a>","Search capacity and DNS do not teach model behavior. Fine-tuning should follow prompt and RAG baselines because it adds data, evaluation, cost, and lifecycle obligations.","AI-300 GenAIOptimization FineTuning"
"A fine-tuning project lacks enough examples of rare but important cases. The team plans to generate synthetic examples. Which practice is essential?<br><br>A) Validate synthetic data for correctness, diversity, and leakage before training<br>B) Accept every generated example without review<br>C) Replace the real validation set with synthetic training data","A) Validate synthetic data for correctness, diversity, and leakage before training<br><br>Synthetic data can expand coverage but requires quality controls to avoid amplifying errors, bias, duplication, or contamination.<br><br>Reference: <a href=""https://learn.microsoft.com/en-us/azure/ai-foundry/concepts/concept-synthetic-data"">Synthetic data generation</a>","Unreviewed examples can teach false patterns. Keep an independent representative validation set so evaluation does not merely reward synthetic artifacts.","AI-300 GenAIOptimization SyntheticData"
"A fine-tuned model improves task accuracy but doubles latency and increases harmful-output failures. What should determine promotion?<br><br>A) A multi-metric gate covering quality, safety, latency, and cost<br>B) Task accuracy alone regardless of regressions<br>C) The number of completed training epochs alone","A) A multi-metric gate covering quality, safety, latency, and cost<br><br>Production readiness is a constrained optimization problem; improvement in one metric cannot excuse failed operational or safety requirements.<br><br>Reference: <a href=""https://learn.microsoft.com/en-us/azure/ai-services/openai/how-to/fine-tuning-deploy"">Deploy and evaluate fine-tuned models</a>","Accuracy and epoch count are insufficient decision criteria. Define thresholds before training and compare against the base-model baseline on identical tests.","AI-300 GenAIOptimization FineTuningEvaluation"
"A new fine-tuned model version is approved, but production rollback must remain immediate. Which release approach is best?<br><br>A) Register and deploy it as a separate version, then shift traffic gradually<br>B) Overwrite the only production model artifact in place<br>C) Delete the prior deployment before testing the new model","A) Register and deploy it as a separate version, then shift traffic gradually<br><br>Separate immutable versions support controlled promotion, comparison, traceability, and rapid rollback.<br><br>Reference: <a href=""https://learn.microsoft.com/en-us/azure/ai-services/openai/how-to/fine-tuning-deploy"">Deploy a fine-tuned model</a>","In-place overwrite and early deletion remove the known-good rollback target. Keep training data, hyperparameters, base model, evaluations, and deployment metadata linked to each version.","AI-300 GenAIOptimization FineTuningLifecycle"
